{
  "assetsByChunkName": {
    "vendors~app-account~app-confirmation~app-order": "chunk.df0e34a9a20569bb3a8e.js",
    "vendors~app-account~app-checkout": "chunk.03865a9e2adcdaee1943.js",
    "vendors~app-cart~app-checkout": "chunk.54316e7396a7b7b54dab.js",
    "admin": [
      "admin.a41e9f60c1b95d7551f8.js",
      "admin.a41e9f60c1b95d7551f8.js.map"
    ],
    "app-account": "chunk.9797d57a49ef88abdb06.js",
    "app-checkout": "chunk.d22f43a180a14d5445ac.js",
    "app-confirmation": "chunk.991c18c5baf7d1823ae6.js",
    "checkout": [
      "checkout.b79d0a28057609d80439.js",
      "checkout.b79d0a28057609d80439.js.map"
    ],
    "storefront": [
      "storefront.b4ee47c1a9563b654a0c.css",
      "storefront.a09640e67cafc72a7b5b.js",
      "storefront.b4ee47c1a9563b654a0c.css.map",
      "storefront.a09640e67cafc72a7b5b.js.map"
    ],
    "vendors~app-cart": "chunk.cba6822fa22650d7e53e.js",
    "vendors~app-order": "chunk.011b7b0798ad7f6bc20a.js"
  }
}