{
  "title": "Dicas do Casal",
  "body": "Aqui disponibilizamos nossas indicações de estadias, restaurantes e mais.",
  "sections": [
    {
      "type": "page-title",
      "title": "Dicas do Casal"
    },
    {
      "type": "breadcrumbs",
      "enabled": true
    },
    {
      "type": "extra-page",
      "enabled": true
    },
    {
      "type": "custom-content",
      "markdown": "# **Estadias**\n\n1. Ibis\n2. Hotel Constantino \n3. Trade Hotel JF (o mais próximo do evento)\n4. Ritz Plaza Hotel\n5. Cesar Inn Juiz de Fora Hotel.\n\n# **Alimentação**\n\n1. Berttus\n2. Milos \n3. Coxinha da Pipita\n4. Empada Mineira\n5. Boucan\n6. Los Dos\n7. Vizu\n8. Tartarugão\n9. CapJack Pizza"
    }
  ]
}